"years","evenness_index"
2020,0.707765627185617
2021,0.700195604986861
2022,0.707261072153335
2023,0.703711637488937
